pest_file,model_file
heads.csv.ins,heads.csv
sfr.csv.ins,sfr.csv
freyberg6.npf_k_layer1.txt.ins,freyberg6.npf_k_layer1.txt
hdslay1_t25.txt.ins,hdslay1_t25.txt
hdslay1_t8.txt.ins,hdslay1_t8.txt
hdslay1_t19.txt.ins,hdslay1_t19.txt
hdslay1_t18.txt.ins,hdslay1_t18.txt
hdslay1_t9.txt.ins,hdslay1_t9.txt
hdslay1_t24.txt.ins,hdslay1_t24.txt
hdslay1_t20.txt.ins,hdslay1_t20.txt
hdslay1_t21.txt.ins,hdslay1_t21.txt
hdslay1_t23.txt.ins,hdslay1_t23.txt
hdslay1_t22.txt.ins,hdslay1_t22.txt
hdslay1_t2.txt.ins,hdslay1_t2.txt
hdslay1_t13.txt.ins,hdslay1_t13.txt
hdslay1_t12.txt.ins,hdslay1_t12.txt
hdslay1_t3.txt.ins,hdslay1_t3.txt
hdslay1_t1.txt.ins,hdslay1_t1.txt
hdslay1_t10.txt.ins,hdslay1_t10.txt
hdslay1_t11.txt.ins,hdslay1_t11.txt
hdslay1_t4.txt.ins,hdslay1_t4.txt
hdslay1_t15.txt.ins,hdslay1_t15.txt
hdslay1_t14.txt.ins,hdslay1_t14.txt
hdslay1_t5.txt.ins,hdslay1_t5.txt
hdslay1_t7.txt.ins,hdslay1_t7.txt
hdslay1_t16.txt.ins,hdslay1_t16.txt
hdslay1_t17.txt.ins,hdslay1_t17.txt
hdslay1_t6.txt.ins,hdslay1_t6.txt
inc.csv.ins,inc.csv
cum.csv.ins,cum.csv
sfr.tdiff.csv.ins,sfr.tdiff.csv
heads.tdiff.csv.ins,heads.tdiff.csv
